From : 2010 , To : 2012 

Quiquebsns,2011-09-25
remenec,2012-02-10
sonic_19,2009-11-29
totutaku1,2012-11-22
JAETHOMPSON902,2010-12-21
HARRISONMAYA53,2010-03-13
Jaguar2th,2009-12-15
Week99er,2011-05-19
nachikethraya,2010-05-29
Gmordenti,2012-04-18
CalebGrassi,2011-11-23
NelliNel09,2009-05-05
dsewall,2011-03-25
nadalaaatta,2010-04-06
REDD234Z,2011-03-31
DeliriousAngel7,2011-07-03
TallPaul612,2012-04-08
vidyagames,2010-02-14
Rebekah1213,2009-05-15
SirDanielFortes,2010-09-11
Lesley_Here,2012-05-21
jimmybino1,2008-10-12
donbrad791,2010-08-24
dinardohope,2009-11-10
Markmarky0,2009-11-27
LuckyLobo1369,2009-03-23
carloz_vallejo,2010-01-06
algyyrbal,2012-08-15
danytakertaker,2012-02-15
smurfnel,2009-11-15
chaoticgenius43,2010-08-15
FabioLampolia,2009-08-12
_mklDoesIt,2011-09-22
instayay,2010-09-02
Mahdi0510,2012-09-02
MandaRajaonesy,2010-08-06
dfurriel,2010-06-03
DickHurz,2012-07-23
EXTRAROGERS,2010-09-08
urbamadafuka,2012-09-27
twceh9,2011-11-14
simonviger,2009-06-21
regarza31,2009-09-12
huda_sm_,2012-08-16
chiaki_mifuyu,2010-08-29
Killermove13,2010-10-20
francisbrait,2010-01-18
gcastelan,2008-04-09
phunguyen12382,2012-05-22
RemyDesert,2012-03-02
Hoer_Herrera,2010-10-16
NateBraves7,2011-10-17
Altoids2010,2010-03-25
vinniects,2009-05-01
mahesh_panyam,2010-07-17
LouieLor22,2011-03-28
emilianrazvan,2012-02-05
pablodeftoczs,2011-09-30
nightmareb4kay,2009-07-22
momoemo20,2010-09-09
hakandemir_99,2012-08-12
Atiqul_Chow,2011-03-28
MEHMUUD787,2012-02-09
DaSToRM112,2010-03-28
IreneOlstorn,2009-04-03
TonyReyy2ys,2010-09-22
mileyg25,2009-10-31
luigitesta1983,2012-04-19
xIHateSchool2,2012-10-02
AshkanNerway,2011-12-21
sanyo69,2009-03-26
jonathansterio,2011-10-07
marckosaraujo,2011-10-26
AdamLoops,2012-12-30
herlessi,2009-05-26
sonny_b,2008-12-17
RODRYBIOSNER,2010-06-21
hirosann01,2009-12-02
stevezuniga,2009-03-26
Raa_Silva1,2011-08-17
bcalabro,2009-01-16
trpnonhole,2010-07-09
TheSA700,2011-02-23
ZzzBonichezzZ,2012-08-18
oneminddreaming,2010-11-08
TigerCrazy77,2010-04-19
skdnntv,2009-11-10
cornsy08,2011-05-04
zh1098642070,2012-02-11
MesachCeja,2012-07-11
marcfortin3,2011-05-17
rush38b,2012-08-08
Miggolden,2010-09-16
Torol77,2009-08-01
luisAleex,2009-08-08
gullstaff,2008-11-04
Yessi_BlackJack,2012-07-05
BoboJones49,2012-06-28
SkylerSlywchuk,2009-07-29
amiraelsayed1,2011-06-02
Rigoddon,2010-08-20
oenbsi,2010-10-31
manojramadhyani,2012-09-18
Tomster2010,2010-09-25
stevecapparelli,2010-11-16
rahohn,2011-03-13
Thijs_d_Kleijn,2010-02-06
Dasenka18,2012-08-27
iwj514,2009-10-15
918joeyo,2009-04-16
Venruile,2012-01-31
KevKevyKev,2009-07-02
elouf,2011-12-29
AlejandroGerbec,2009-09-13
GuiguiPop29,2009-08-11
log1q,2008-12-26
CailanN,2011-07-28
EvgenyRukinglaz,2011-02-04
Abrii_Mars,2010-02-02
HumbertoPopoca,2011-11-19
jamescubito_,2012-02-25
Kilasolai47,2009-05-15
imanulhuq,2009-08-09
CJLewis85,2010-11-05
MatharrSenghore,2011-11-26
Shuliita5,2010-10-03
BrettBowling,2011-09-18
MikeMc890,2011-07-28
skalex9,2012-07-27
jenny1984r,2009-07-24
CelenzaAlex,2012-07-03
WO33A,2009-09-30
ddelavega89,2011-04-25
nottappy,2011-06-16
Nacersallam,2010-09-13
elkode9,2012-01-25
Teepd,2011-04-01
LittleDlite,2010-12-05
bankeranger,2010-05-17
MrRobertsP4T,2012-11-30
pat_rit56,2012-05-13
JR_Esnayra,2012-03-01
T3P0e,2010-11-02
iBranded57,2009-10-11
patriciakeighey,2009-04-22
DudaCarneirao,2010-11-20
Alejandro99ATL,2012-09-13
Kerileo,2009-03-08
notilider,2010-09-06
Peter_Parker086,2010-06-21
WhitRiss,2011-11-02
sabricat9,2011-04-18
kylembrant,2009-04-24
andyheroesditen,2012-02-05
andrewwwallace,2009-02-09
Kevin86713,2010-04-20
JorgePB182,2010-03-26
EL_NIGGA_1,2009-07-26
alvaro_gn19,2011-12-31
hamlyn_amber,2009-12-07
KadiAbdul,2011-12-21
PedrokMaggot,2010-08-26
DeVelox,2010-02-04
GonzaleJames,2012-11-30
DavidChocano,2009-12-10
Stuplendo,2010-05-20
shreyash_gandhi,2010-04-08
kazi213,2012-05-04
liluglymaney,2011-05-14
arnoldocruz05,2012-04-22
SunnaVarga,2011-12-11
DanteCordoba,2011-12-27
CropperGabbby,2012-05-27
joelogsdon18,2011-09-16
Sublimemanx,2011-12-29
MikuLoverHachun,2012-08-20
DawoodJabbar_,2011-11-07
carrieholder,2010-01-03
linunix,2008-12-10
maroladu,2009-10-18
KendallLee5,2011-11-02
MaddieLei,2012-05-24
jorgejafet,2010-01-08
adurbahn,2011-01-17
Yoryife,2011-11-02
_vitown,2012-09-23
ShortCourt14,2012-01-22
JimmieRamone,2009-10-23
Korean_Queen1,2012-12-08
migefitness,2012-08-01
DrVonKrumm,2010-11-06
DumboKrow55,2009-05-24
marianahernz,2012-06-16
H3artBvrn,2011-06-19
cemnyy,2010-09-11
elles_,2009-04-12
ParrotPaw,2009-05-02
JeannineCandace,2009-03-17
d_castroesteban,2009-02-17
e1ectricpatrick,2010-08-19
katrysse79,2009-12-01
gardnerjjjjjj,2012-07-10
TomasNic,2010-05-20
ja_349,2010-10-23
AlfredoSalgad12,2012-08-31
mricardo1751,2009-07-14
MarcosCMarinho,2011-07-25
J_Chair,2009-07-17
kirkpatrick_mr,2012-07-05
isaiyo99,2010-06-12
GersonYo,2011-10-25
Crs083,2012-04-27

Total Count is : 212